<?xml version="1.0" encoding="UTF-8"?>
<beans xmlns:mvc="http://www.springframework.org/schema/mvc"
	xmlns:xsi="http://www.w3.org/2001/XMLSchema-instance" xmlns="http://www.springframework.org/schema/beans"
	xmlns:context="http://www.springframework.org/schema/context"
	xsi:schemaLocation="http://www.springframework.org/schema/mvc http://www.springframework.org/schema/mvc/spring-mvc.xsd
		http://www.springframework.org/schema/beans http://www.springframework.org/schema/beans/spring-beans.xsd
		http://www.springframework.org/schema/context http://www.springframework.org/schema/context/spring-context.xsd ">

	<!-- Activates various annotations to be detected in bean classes -->
	<context:annotation-config />

	<!-- Scans the classpath for annotated components that will be auto-registered 
		as Spring beans. For example @Controller and @Service. Make sure to set the 
		correct base-package -->
	<context:component-scan base-package="com.reporting.webapi" />
	<context:component-scan base-package="com.reporting.webapi.pojo" />
	<context:component-scan base-package="com.reporting.webapi.annotation" />
	<context:component-scan base-package="com.reporting.webapi.dao" />
	<context:component-scan base-package="com.reporting.webapi.resources" />
	<context:component-scan base-package="com.reporting.webapi.service" />
	<context:component-scan base-package="com.reporting.webapi.vo" />
	<context:component-scan base-package="com.reporting.webapi.helper" />
	<context:component-scan base-package="com.reporting.webapi.util" />

	<!-- for database configuration -->
	<import resource="classpath*:/config/db-configuration.xml" />

	<!-- for spring-security-with-oauth configuration -->
	<!-- <import resource="classpath*:/config/spring-security-oauth2.xml" /> -->

</beans>